symbol,name,CEO_name,twitter_handle,link,sector,year_extracted
MMM,3M,Mike Roman,-,,Industrial Conglomerates,
AOS,A. O. Smith,Kevin J. Wheeler,-,,Building Products,
ABT,Abbott,Robert Ford,-,,Health Care Equipment,
ABBV,AbbVie,Richard A. Gonzalez,-,,Pharmaceuticals,
ACN,Accenture,Julie Sweet,@JulieSweet,https://twitter.com/JulieSweet,IT Consulting & Other Services,
ATVI,Activision Blizzard,Bobby Kotick,@BobbyKotick,https://twitter.com/BobbyKotick,Interactive Home Entertainment,
ADM,ADM,Juan Ricardo Luciano,-,,Agricultural Products,
ADBE,Adobe Inc.,Shantanu Narayen,-,,Application Software,
ADP,ADP,Carlos A. Rodriguez,-,,Data Processing & Outsourced Services,
AAP,Advance Auto Parts,Thomas R. Greco,-,,Automotive Retail,
AES,AES Corporation,Andres Gluski,@AndresGluski,https://twitter.com/AndresGluski,Independent Power Producers & Energy Traders,
AFL,Aflac,Dan Amos,-,,Life & Health Insurance,
A,Agilent Technologies,Michael R. McMullen,-,,Health Care Equipment,
APD,Air Products and Chemicals,Seifi Ghasemi,-,,Industrial Gases,
AKAM,Akamai,Frank Thomson Leighton,@TomLeightonAKAM,https://twitter.com/TomLeightonAKAM,Internet Services & Infrastructure,
ALK,Alaska Air Group,Ben Minicucci,-,,Airlines,
ALB,Albemarle Corporation,J Kent Masters,-,,Specialty Chemicals,
ARE,Alexandria Real Estate Equities,Joel S Marcus,-,,Office REITs,
ALGN,Align Technology,Joseph M. Hogan,-,,Health Care Supplies,
ALLE,Allegion,John H. Stone,-,,Building Products,
LNT,Alliant Energy,John O. Larsen,-,,Electric Utilities,
GOOGL,Alphabet Inc. (Class A),Sundar Pichai,@sundarpichai,https://twitter.com/sundarpichai,Interactive Media & Services,
GOOG,Alphabet Inc. (Class C),Sundar Pichai,@sundarpichai,https://twitter.com/sundarpichai,Interactive Media & Services,
MO,Altria,Billy Gifford,-,,Tobacco,
AMZN,Amazon,Andy Jassy,@ajassy,https://twitter.com/ajassy,Internet & Direct Marketing Retail,
AMCR,Amcor,Ron Delia,-,,Paper Packaging,
AMD,AMD,Lisa Su,@LisaSu,https://twitter.com/lisasu,Semiconductors,
AEE,Ameren,Warner L Baxter,-,,Multi-Utilities,
AAL,American Airlines Group,Robert Isom,-,,Airlines,
AEP,American Electric Power,Nick Akins,-,,Electric Utilities,
AXP,American Express,Stephen Squeri,-,,Consumer Finance,
AIG,American International Group,Peter Zaffino,-,,Property & Casualty Insurance,
AMT,American Tower,Tom Bartlett,-,,Specialized REITs,
AWK,American Water Works,susan hardwick,-,,Water Utilities,
AMP,Ameriprise Financial,James Cracchiolo,-,,Asset Management & Custody Banks,
ABC,AmerisourceBergen,Steven H. Collis,-,https://twitter.com/stevecollis_abc,Health Care Distributors,
AME,Ametek,David Zapico,-,,Electrical Components & Equipment,
AMGN,Amgen,Robert A. Bradway,-,,Biotechnology,
APH,Amphenol,Richard Adam Norwitt,-,,Electronic Components,
ADI,Analog Devices,Vincent Roche,-,,Semiconductors,
ANSS,Ansys,Ajei Gopal,-,,Application Software,
AON,Aon,Gregory C. Case,-,,Insurance Brokers,
APA,APA Corporation,John J Christmann,-,,Oil & Gas Exploration & Production,
AAPL,Apple Inc.,Tim Cook,@tim_cook,https://twitter.com/tim_cook,"Technology Hardware, Storage & Peripherals",
AMAT,Applied Materials,Gary E. Dickerson,-,,Semiconductor Equipment,
APTV,Aptiv,Kevin P. Clark,-,,Auto Parts & Equipment,
ACGL,Arch Capital Group,Marc Grandisson,-,,Reinsurance,
ANET,Arista Networks,Jayshree Ullal,-,,Communications Equipment,
AJG,Arthur J. Gallagher & Co.,J. Patrick Gallagher Jr,-,,Insurance Brokers,
AIZ,Assurant,Keith W. Demmings,-,,Multi-line Insurance,
T,AT&T,John T. Stankey,-,,Integrated Telecommunication Services,
ATO,Atmos Energy,Kevin Akers,-,,Gas Utilities,
ADSK,Autodesk,Andrew Anagnost,@andrew_anagnost,https://twitter.com/andrew_anagnost,Application Software,
AZO,AutoZone,William C. Rhodes III,-,-,Specialty Stores,
AVB,AvalonBay Communities,Timothy J Naughton,-,,Residential REITs,
AVY,Avery Dennison,Mitchell R. Butier,-,,Paper Packaging,
BKR,Baker Hughes,Lorenzo Simonelli,@simonelli_l,https://twitter.com/simonelli_l?lang=en,Oil & Gas Equipment & Services,
BALL,Ball Corporation,John A Hayes,-,,Metal & Glass Containers,
BAC,Bank of America,Brian Moynihan,-,,Diversified Banks,
BBWI,Bath & Body Works Inc.,Andrew Meslow,-,,Specialty Stores,
BAX,Baxter International,José E. Almeida,-,,Health Care Equipment,
BDX,Becton Dickinson,Thomas Polen,@TomPolen_BD,https://twitter.com/tompolen_bd?lang=en,Health Care Equipment,
WRB,Berkley,William R Berkley Jr,-,,Property & Casualty Insurance,
BRK.B,Berkshire Hathaway,Warren Edward Buffett,-,https://twitter.com/WarrenBuffett,Multi-Sector Holdings,
BBY,Best Buy,Corie Barry,-,https://twitter.com/Corie_Barry,Computer & Electronics Retail,
BIO,Bio-Rad,Norman David Schwartz,-,,Life Sciences Tools & Services,
TECH,Bio-Techne,Charles R. Kummeth,-,,Life Sciences Tools & Services,
BIIB,Biogen,Michel Vounatsos,-,,Biotechnology,
BLK,BlackRock,Larry Fink,-,,Asset Management & Custody Banks,
BK,BNY Mellon,Robin Vince,-,,Asset Management & Custody Banks,
BA,Boeing,Dave Calhoun,-,,Aerospace & Defense,
BKNG,Booking Holdings,Glenn D. Fogel,-,,Internet & Direct Marketing Retail,
BWA,BorgWarner,Frédéric Lissalde,-,,Auto Parts & Equipment,
BXP,Boston Properties,Owen D. Thomas,-,,Office REITs,
BSX,Boston Scientific,Michael F. Mahoney,-,,Health Care Equipment,
BMY,Bristol Myers Squibb,Giovanni Caforio,-,,Pharmaceuticals,
AVGO,Broadcom Inc.,Hock E. Tan,-,,Semiconductors,
BR,Broadridge Financial Solutions,Tim Gokey,-,,Data Processing & Outsourced Services,
BRO,Brown & Brown,J Powell Brown,-,,Insurance Brokers,
BF.B,Brown–Forman,Lawson Whiting,-,,Distillers & Vintners,
CHRW,C.H. Robinson,Robert Biesterfeld,@biesrob1,https://twitter.com/biesrob1,Air Freight & Logistics,
CDNS,Cadence Design Systems,Anirudh Devgan,-,,Application Software,
CZR,Caesars Entertainment,Thomas R. Reeg,-,,Casinos & Gaming,
CPT,Camden Property Trust,Ric Campo,-,https://twitter.com/ric_campo?lang=en,Residential REITs,
CPB,Campbell Soup Company,Mark Clouse,-,,Packaged Foods & Meats,
COF,Capital One,Richard Fairbank,-,,Consumer Finance,
CAH,Cardinal Health,Jason Hollar,-,,Health Care Distributors,
KMX,CarMax,William D. Nash ,-,,Automotive Retail,
CCL,Carnival,Josh Weinstein,-,,"Hotels, Resorts & Cruise Lines",
CARR,Carrier Global,David Gitlin,-,,Building Products,
CTLT,Catalent,Alessandro Maselli,-,,Pharmaceuticals,
CAT,Caterpillar Inc.,Jim Umpleby,-,,Construction Machinery & Heavy Trucks,
CBOE,Cboe Global Markets,Edward T. Tilly,-,,Financial Exchanges & Data,
CBRE,CBRE Group,Robert E. Sulentic,-,,Real Estate Services,
CDW,CDW,Christine A Leahy,-,,Technology Distributors,
CE,Celanese,Lori J. Ryerkerk,-,,Specialty Chemicals,
CNC,Centene Corporation,Sarah M. London,-,,Managed Health Care,
CNP,CenterPoint Energy,David J. Lesar,-,,Multi-Utilities,
CDAY,Ceridian,David Ossip,@dossip,https://twitter.com/dossip,Application Software,
CF,CF Industries,W Anthony Will,-,,Fertilizers & Agricultural Chemicals,
CRL,Charles River Laboratories,James C. Foster,-,,Life Sciences Tools & Services,
SCHW,Charles Schwab Corporation,Walter W Bettinger II,@WaltBettinger,https://twitter.com/WaltBettinger,Investment Banking & Brokerage,
CHTR,Charter Communications,Christopher L. Winfrey,-,,Cable & Satellite,
CVX,Chevron Corporation,Mike Wirth,-,,Integrated Oil & Gas,
CMG,Chipotle Mexican Grill,Brian Niccol,-,,Restaurants,
CB,Chubb Limited,Evan G. Greenberg,-,,Property & Casualty Insurance,
CHD,Church & Dwight,Matthew Farrell,-,,Household Products,
CI,Cigna,David Cordani,-,,Managed Health Care,
CINF,Cincinnati Financial,Steven J. Johnston,-,,Property & Casualty Insurance,
CTAS,Cintas,Todd M. Schneider,-,,Diversified Support Services,
CSCO,Cisco,Chuck Robbins,@ChuckRobbins,https://twitter.com/ChuckRobbins,Communications Equipment,
C,Citigroup,Jane Fraser,-,,Diversified Banks,
CFG,Citizens Financial Group,Bruce Van Saun,-,,Regional Banks,
CLX,Clorox,Linda Rendle,-,,Household Products,
CME,CME Group,Terrence A. Duffy,-,,Financial Exchanges & Data,
CMS,CMS Energy,Garrick J. Rochow,@GarrickRochow,https://twitter.com/GarrickRochow,Multi-Utilities,
KO,Coca-Cola Company (The),James Quincey,-,,Soft Drinks,
CTSH,Cognizant,Ravi Kumar S,@imravikumars,https://twitter.com/imravikumars,IT Consulting & Other Services,
CL,Colgate-Palmolive,Noel R. Wallace,-,,Household Products,
CMCSA,Comcast,Brian L. Roberts,-,,Cable & Satellite,
CMA,Comerica,Curtis C. Farmer,-,,Diversified Banks,
CAG,Conagra Brands,Sean Connolly,-,,Packaged Foods & Meats,
COP,ConocoPhillips,Ryan Lance,-,,Oil & Gas Exploration & Production,
ED,Consolidated Edison,Timothy P. Cawley,-,,Electric Utilities,
STZ,Constellation Brands,Bill Newlands,-,,Distillers & Vintners,
CEG,Constellation Energy,James McHugh,-,,Multi-Utilities,
COO,CooperCompanies,Albert G. White III,-,,Health Care Supplies,
CPRT,Copart,Jay Adair,-,,Diversified Support Services,
GLW,Corning Inc.,Wendell Weeks,-,,Electronic Components,
CTVA,Corteva,Chuck Magro,-,,Fertilizers & Agricultural Chemicals,
CSGP,CoStar Group,Andrew C. Florance,-,,Research & Consulting Services,
COST,Costco,W. Craig Jelinek,-,,Hypermarkets & Super Centers,
CTRA,Coterra,Thomas E Jorden,-,,Oil & Gas Exploration & Production,
CCI,Crown Castle,Jay A. Brown,-,,Specialized REITs,
CSX,CSX,Joseph Hinrichs,-,,Railroads,
CMI,Cummins,Jennifer Rumsey,-,,Industrial Machinery,
CVS,CVS Health,Karen S. Lynch,@KarenSLynch,https://twitter.com/KarenSLynch,Health Care Services,
DHI,D.R. Horton,David V. Auld,-,,Homebuilding,
DHR,Danaher Corporation,Rainer M. Blair,-,,Health Care Equipment,
DRI,Darden Restaurants,Rick Cardenas,-,,Restaurants,
DVA,DaVita Inc.,Javier J. Rodriguez,-,,Health Care Facilities,
DAL,Delta Air Lines,Ed Bastian,-,,Airlines,
XRAY,Dentsply Sirona,Simon Campion,-,,Health Care Supplies,
DVN,Devon Energy,David A. Hager,-,,Oil & Gas Exploration & Production,
DXCM,Dexcom,Kevin R. Sayer,-,,Health Care Equipment,
FANG,Diamondback Energy,Travis D. Stice,-,,Oil & Gas Exploration & Production,
DLR,Digital Realty,Andrew Power,-,,Specialized REITs,
DFS,Discover Financial,Roger C Hochschild,-,,Consumer Finance,
DISH,Dish Network,W. Erik Carlson,-,,Cable & Satellite,
DIS,Disney,Robert Iger,@RobertIger,https://twitter.com/robertiger,Movies & Entertainment,
DG,Dollar General,Jeff Owen,-,,General Merchandise Stores,
DLTR,Dollar Tree,Richard W. Dreiling,-,,General Merchandise Stores,
D,Dominion Energy,Robert M. Blue,-,,Electric Utilities,
DPZ,Domino's,Russell J. Weiner,@RJ910,https://twitter.com/rj910?lang=en,Restaurants,
DOV,Dover Corporation,Richard J. Tobin,-,,Industrial Machinery,
DOW,Dow Inc.,Jim Fitterling,@JimFitterling,https://twitter.com/JimFitterling,Commodity Chemicals,
DTE,DTE Energy,Jerry Norcia,-,,Multi-Utilities,
DUK,Duke Energy,Lynn Good,-,,Electric Utilities,
DD,DuPont,Edward D. Breen,-,,Specialty Chemicals,
DXC,DXC Technology,Mike Salvino,-,,IT Consulting & Other Services,
EMN,Eastman Chemical Company,Mark J. Costa,-,,Diversified Chemicals,
ETN,Eaton Corporation,Craig Arnold,-,,Electrical Components & Equipment,
EBAY,eBay,Jamie Iannone,-,,Internet & Direct Marketing Retail,
ECL,Ecolab,Christophe Beck,@CEOEcolab,https://twitter.com/CEOEcolab,Specialty Chemicals,
EIX,Edison International,Pedro J. Pizarro,-,,Electric Utilities,
EW,Edwards Lifesciences,Michael A Mussallem,-,,Health Care Equipment,
EA,Electronic Arts,Andrew Wilson,-,,Interactive Home Entertainment,
ELV,Elevance Health,Gail Koziara Boudreaux,-,,Managed Health Care,
LLY,Eli Lilly and Company,David A. Ricks,-,,Pharmaceuticals,
EMR,Emerson Electric,Lal Karsanbhai,-,,Electrical Components & Equipment,
ENPH,Enphase,Badri Kothandaraman,-,,Electronic Components,
ETR,Entergy,Andrew Marsh,-,,Electric Utilities,
EOG,EOG Resources,Ezra Y. Yacob,-,,Oil & Gas Exploration & Production,
EPAM,EPAM Systems,Arkadiy Dobkin,-,,IT Consulting & Other Services,
EQT,EQT,Christian Sinding,-,,Oil & Gas Exploration & Production,
EFX,Equifax,Mark Begor,-,,Research & Consulting Services,
EQIX,Equinix,Charles J. Meyers,@CharlesMeyers,https://twitter.com/charlesmeyers?lang=en,Specialized REITs,
EQR,Equity Residential,Mark J. Parrell,-,,Residential REITs,
ESS,Essex Property Trust,Michael J Schall,-,,Residential REITs,
EL,Estée Lauder Companies (The),Fabrizio Freda,-,,Personal Products,
ETSY,Etsy,Josh Silverman,@jgsilverman,https://twitter.com/jgsilverman,Internet & Direct Marketing Retail,
RE,Everest Re,Juan C. Andrade,-,,Reinsurance,
EVRG,Evergy,David Campbell,-,,Electric Utilities,
ES,Eversource,Joseph R Nolan Jr,-,,Multi-Utilities,
EXC,Exelon,Calvin Butler,@CalvinGButler,https://twitter.com/CalvinGButler,Multi-Utilities,
EXPE,Expedia Group,Peter M Kern,-,,Internet & Direct Marketing Retail,
EXPD,Expeditors International,Jeffrey S Musser,-,,Air Freight & Logistics,
EXR,Extra Space Storage,Joseph D. Margolis,-,,Specialized REITs,
XOM,ExxonMobil,Darren Woods,-,,Integrated Oil & Gas,
FFIV,F5 Inc.,François Locoh-Donou,-,,Communications Equipment,
FDS,FactSet,Philip Snow,-,,Financial Exchanges & Data,
FAST,Fastenal,Daniel L. Florness,-,,Building Products,
FRT,Federal Realty,Donald C Wood,-,,Retail REITs,
FDX,FedEx,Raj Subramaniam,-,,Air Freight & Logistics,
FITB,Fifth Third Bank,Tim Spencer,-,,Regional Banks,
FRC,First Republic Bank,Michael J. Roffler,-,,Regional Banks,
FSLR,First Solar,Mark R Widmar,-,,Semiconductors,
FE,FirstEnergy,John W. Somerhalder II,-,,Electric Utilities,
FIS,FIS,Gary A. Norcross,@Gary_Norcross,https://twitter.com/Gary_Norcross,Data Processing & Outsourced Services,
FISV,Fiserv,Frank Bisignano,-,,Data Processing & Outsourced Services,
FLT,Fleetcor,Ronald F. Clarke,-,,Data Processing & Outsourced Services,
FMC,FMC Corporation,Mark A. Douglas,-,,Fertilizers & Agricultural Chemicals,
F,Ford Motor Company,Jim Farley,@jimfarley98,https://twitter.com/jimfarley98,Automobile Manufacturers,
FTNT,Fortinet,Ken Xie,@KenXieFortinet,https://twitter.com/KenXieFortinet,Systems Software,
FTV,Fortive,James A Lico,-,-,Industrial Machinery,
FOXA,Fox Corporation (Class A),Lachlan Murdoch,-,,Movies & Entertainment,
FOX,Fox Corporation (Class B),Lachlan Murdoch,-,,Movies & Entertainment,
BEN,Franklin Templeton,Jennifer M. Johnson,-,,Asset Management & Custody Banks,
FCX,Freeport-McMoRan,Richard Adkerson,-,,Copper,
GRMN,Garmin,Clifton A. Pemble,-,,Consumer Electronics,
IT,Gartner,Eugene A. Hall,-,,IT Consulting & Other Services,
GEHC,GE HealthCare,Peter J Arduini,-,,Health Care Technology,
GEN,Gen Digital,Vincent Pilette,-,,Application Software,
GNRC,Generac,Aaron Jagdfeld,@GeneracCEO,https://twitter.com/generacceo,Electrical Components & Equipment,
GD,General Dynamics,Phebe Novakovic,-,,Aerospace & Defense,
GE,General Electric,H. Lawrence Culp Jr.,@larryculpjr,https://twitter.com/larryculpjr?lang=en,Industrial Conglomerates,
GIS,General Mills,Jeff Harmening,-,,Packaged Foods & Meats,
GM,General Motors,Mary Barra,@mtbarra,https://twitter.com/mtbarra,Automobile Manufacturers,
GPC,Genuine Parts Company,Paul D. Donahue,-,,Specialty Stores,
GILD,Gilead Sciences,Daniel O'Day,-,,Biotechnology,
GPN,Global Payments,Jeffrey S. Sloan,-,,Data Processing & Outsourced Services,
GL,Globe Life,,-,,Life & Health Insurance,
GS,Goldman Sachs,David M. Solomon,@DavidSolomon,https://twitter.com/DavidSolomon,Investment Banking & Brokerage,
HAL,Halliburton,Jeff Miller,-,,Oil & Gas Equipment & Services,
HIG,Hartford (The),Christopher J. Swift,-,,Property & Casualty Insurance,
HAS,Hasbro,Chris Cocks,-,,Leisure Products,
HCA,HCA Healthcare,Samuel N. Hazen,-,,Health Care Facilities,
PEAK,Healthpeak,Thomas M Herzog,-,,Health Care REITs,
HSIC,Henry Schein,Stanley M. Bergman,-,,Health Care Distributors,
HSY,Hershey's,Michele Buck,-,,Packaged Foods & Meats,
HES,Hess Corporation,John B. Hess,-,,Integrated Oil & Gas,
HPE,Hewlett Packard Enterprise,Antonio Neri,@AntonioNeri_HPE,https://twitter.com/antonioneri_hpe?lang=en,"Technology Hardware, Storage & Peripherals",
HLT,Hilton Worldwide,Christopher J. Nassetta,-,,"Hotels, Resorts & Cruise Lines",
HOLX,Hologic,Stephen P. MacMillan,@StevePMacMillan,https://twitter.com/StevePMacMillan,Health Care Equipment,
HD,Home Depot (The),Edward Decker,-,,Home Improvement Retail,
HON,Honeywell,,-,,Industrial Conglomerates,
HRL,Hormel Foods,Jim Snee,-,,Packaged Foods & Meats,
HST,Host Hotels & Resorts,James F Risoleo,-,,Hotel & Resort REITs,
HWM,Howmet Aerospace,John C. Plant,-,,Aerospace & Defense,
HPQ,HP Inc.,Enrique Lores,@EnriqueJLores,https://twitter.com/EnriqueJLores,"Technology Hardware, Storage & Peripherals",
HUM,Humana,Bruce D. Broussard,@BruceDBroussard,https://twitter.com/BruceDBroussard,Managed Health Care,
HBAN,Huntington Bancshares,Stephen D Steinour,-,,Regional Banks,
HII,Huntington Ingalls Industries,Christopher D. Kastner,-,,Aerospace & Defense,
IBM,IBM,Arvind Krishna,@ArvindKrishna,https://twitter.com/ArvindKrishna,IT Consulting & Other Services,
IEX,IDEX Corporation,Eric D. Ashleman,-,,Industrial Machinery,
IDXX,Idexx Laboratories,Jay Mazelsky,-,,Health Care Equipment,
ITW,Illinois Tool Works,Ernest Scott Santi,-,,Industrial Machinery,
ILMN,Illumina,Francis deSouza,@fdesouza,https://twitter.com/fdesouza,Life Sciences Tools & Services,
INCY,Incyte,Hervé Hoppenot,@IloveIncyte,https://twitter.com/IloveIncyte,Biotechnology,
IR,Ingersoll Rand,Vicente Reynal,-,,Industrial Machinery,
INTC,Intel,Patrick P. Gelsinger,@PGelsinger,https://twitter.com/PGelsinger?ref_src=twsrc%5Egoogle%7Ctwcamp%5Eserp%7Ctwgr%5Eauthor,Semiconductors,
ICE,Intercontinental Exchange,Jeffrey C. Sprecher,-,,Financial Exchanges & Data,
IFF,International Flavors & Fragrances,Frank Clyburn,@Frank_Clyburn,https://twitter.com/Frank_Clyburn,Specialty Chemicals,
IP,International Paper,Mark S. Sutton,-,,Paper Packaging,
IPG,Interpublic Group of Companies (The),Philippe Krakowsky,-,,Advertising,
INTU,Intuit,Sasan K. Goodarzi,@sasan_goodarzi,https://twitter.com/sasan_goodarzi?ref_src=twsrc%5Egoogle%7Ctwcamp%5Eserp%7Ctwgr%5Eauthor,Application Software,
ISRG,Intuitive Surgical,Gary S Guthart,-,,Health Care Equipment,
IVZ,Invesco,Martin L. Flanagan,-,,Asset Management & Custody Banks,
INVH,Invitation Homes,Dallas B. Tanner,@DallasTanner,https://twitter.com/dallastanner?lang=en,Residential REITs,
IQV,IQVIA,Ari Bousbib,-,,Life Sciences Tools & Services,
IRM,Iron Mountain,William Meaney,-,,Specialized REITs,
JBHT,J.B. Hunt,John N. Roberts III,@jbhuntceo,https://twitter.com/jbhuntceo?lang=en,Trucking,
SJM,J.M. Smucker Company (The),,-,,Packaged Foods & Meats,
JKHY,Jack Henry & Associates,David B. Foss,-,,Data Processing & Outsourced Services,
J,Jacobs Solutions,Bob Pragada,-,,Construction & Engineering,
DE,John Deere,John C. May,-,,Agricultural & Farm Machinery,
JNJ,Johnson & Johnson,Joaquin Duato,-,,Pharmaceuticals,
JCI,Johnson Controls,George Oliver,@GeorgeOliverJCI,https://twitter.com/GeorgeOliverJCI,Building Products,
JPM,JPMorgan Chase,Jamie Dimon,-,,Diversified Banks,
JNPR,Juniper Networks,Rami Rahim,@ramirahim,https://twitter.com/ramirahim?lang=en,Communications Equipment,
K,Kellogg's,Steve Cahillane,-,,Packaged Foods & Meats,
KDP,Keurig Dr Pepper,Robert Gamgort,-,,Soft Drinks,
KEY,KeyCorp,Christopher M. Gorman,-,,Regional Banks,
KEYS,Keysight,Satish Dhanasekaran,-,,Electronic Equipment & Instruments,
KMB,Kimberly-Clark,Michael D. Hsu,-,,Household Products,
KIM,Kimco Realty,Conor C. Flynn,-,,Retail REITs,
KMI,Kinder Morgan,Steven J. Kean,-,,Oil & Gas Storage & Transportation,
KLAC,KLA Corporation,Richard P. Wallace,-,,Semiconductor Equipment,
KHC,Kraft Heinz,Miguel Patricio,-,,Packaged Foods & Meats,
KR,Kroger,Rodney McMullen,-,,Food Retail,
LHX,L3Harris,Chris Kubasik,-,,Aerospace & Defense,
LH,LabCorp,Adam H. Schechter,-,,Health Care Services,
LRCX,Lam Research,Timothy M. Archer,-,,Semiconductor Equipment,
LW,Lamb Weston,Tom Werner,-,,Packaged Foods & Meats,
LVS,Las Vegas Sands,Robert Glen Goldstein,-,,Casinos & Gaming,
LDOS,Leidos,Thomas A. Bell,-,,Diversified Support Services,
LEN,Lennar,,-,,Homebuilding,
LNC,Lincoln Financial,Ellen Cooper,-,,Multi-line Insurance,
LIN,Linde plc,Sanjiv Lamba,-,,Industrial Gases,
LYV,Live Nation Entertainment,Michael Rapino,@Michael_Rapino,https://twitter.com/Michael_Rapino,Movies & Entertainment,
LKQ,LKQ Corporation,Dominick Zarcone,-,,Distributors,
LMT,Lockheed Martin,James D. Taiclet,-,,Aerospace & Defense,
L,Loews Corporation,James S. Tisch,-,,Multi-line Insurance,
LOW,Lowe's,Marvin Ellison,@MarvinREllison,https://twitter.com/marvinrellison?lang=en,Home Improvement Retail,
LUMN,Lumen Technologies,Kate Johnson,-,,Alternative Carriers,
LYB,LyondellBasell,Peter Vanacker,@peter_vanacker,https://twitter.com/peter_vanacker,Specialty Chemicals,
MTB,M&T Bank,René F. Jones,-,,Regional Banks,
MRO,Marathon Oil,Lee M. Tillman,-,,Oil & Gas Exploration & Production,
MPC,Marathon Petroleum,Michael J. Hennigan,-,,Oil & Gas Refining & Marketing,
MKTX,MarketAxess,Christopher R Concannon,-,,Financial Exchanges & Data,
MAR,Marriott International,Anthony Capuano,-,,"Hotels, Resorts & Cruise Lines",
MMC,Marsh McLennan,John Q. Doyle,-,,Insurance Brokers,
MLM,Martin Marietta Materials,C. Howard Nye,-,,Construction Materials,
MAS,Masco,Keith J. Allman,-,,Building Products,
MA,Mastercard,Michael Miebach,@MiebachMichael,https://twitter.com/MiebachMichael,Data Processing & Outsourced Services,
MTCH,Match Group,Bernard Kim,@GamerBK,https://twitter.com/GamerBK,Interactive Media & Services,
MKC,McCormick & Company,Lawrence E. Kurzius,@LKurzius,https://twitter.com/LKurzius,Packaged Foods & Meats,
MCD,McDonald's,Chris Kempczinski,-,,Restaurants,
MCK,McKesson,Brian S. Tyler,-,,Health Care Distributors,
MDT,Medtronic,Geoffrey S. Martha,@GeoffMartha,https://twitter.com/GeoffMartha,Health Care Equipment,
MRK,Merck & Co.,Robert M Davis,-,,Pharmaceuticals,
META,Meta Platforms,Mark Zuckerberg,@finkd,https://twitter.com/finkd,Interactive Media & Services,
MET,MetLife,Michel A. Khalaf,-,,Life & Health Insurance,
MTD,Mettler Toledo,Patrick Kaltenbach,-,,Life Sciences Tools & Services,
MGM,MGM Resorts,William Hornbuckle,@billhornbuckle,https://twitter.com/billhornbuckle,Casinos & Gaming,
MCHP,Microchip Technology,Ganesh Moorthy,-,,Semiconductors,
MU,Micron Technology,Sanjay Mehrotra,@MicronCEO,https://twitter.com/micronceo,Semiconductors,
MSFT,Microsoft,Satya Nadella,@satyanadella,https://twitter.com/satyanadella,Systems Software,
MAA,Mid-America Apartment Communities,H Eric Bolton Jr,-,,Residential REITs,
MRNA,Moderna,Stéphane Bancel,-,,Biotechnology,
MHK,Mohawk Industries,Jeffrey Lorberbaum,-,,Home Furnishings,
MOH,Molina Healthcare,Joseph M. Zubretsky,-,,Managed Health Care,
TAP,Molson Coors Beverage Company,Gavin D. Hattersley,@gavinhat,https://twitter.com/gavinhat?lang=en,Brewers,
MDLZ,Mondelez International,Dirk Van de Put,@Dirkvandeput,https://twitter.com/Dirkvandeput,Packaged Foods & Meats,
MPWR,Monolithic Power Systems,Michael Hsing,-,,Semiconductors,
MNST,Monster Beverage,,-,,Soft Drinks,
MCO,Moody's Corporation,,-,,Financial Exchanges & Data,
MS,Morgan Stanley,James P. Gorman,-,,Investment Banking & Brokerage,
MOS,Mosaic Company (The),James C. O'Rourke,-,,Fertilizers & Agricultural Chemicals,
MSI,Motorola Solutions,Greg Brown,-,,Communications Equipment,
MSCI,MSCI,Henry A. Fernandez,-,,Financial Exchanges & Data,
NDAQ,Nasdaq Inc.,Adena Friedman,@adenatfriedman,https://twitter.com/adenatfriedman,Financial Exchanges & Data,
NTAP,NetApp,George Kurian,-,,"Technology Hardware, Storage & Peripherals",
NFLX,Netflix,,,,Movies & Entertainment,
NWL,Newell Brands,Chris Peterson,-,,Housewares & Specialties,
NEM,Newmont,Tom Palmer,-,,Gold,
NWSA,News Corp (Class A),Robert Thomson,-,,Publishing,
NWS,News Corp (Class B),Robert Thomson,-,,Publishing,
NEE,NextEra Energy,John W. Ketchum,-,,Multi-Utilities,
NKE,Nike Inc.,John Donahoe,-,,"Apparel, Accessories & Luxury Goods",
NI,NiSource,Joseph Hamrock,-,,Multi-Utilities,
NDSN,Nordson Corporation,Sundaram Nagarajan,-,,Industrial Machinery,
NSC,Norfolk Southern Railway,Alan H. Shaw,-,,Railroads,
NTRS,Northern Trust,Michael G. O'Grady,-,,Asset Management & Custody Banks,
NOC,Northrop Grumman,Kathy J. Warden,-,,Aerospace & Defense,
NCLH,Norwegian Cruise Line Holdings,Frank J. Del Rio,-,,"Hotels, Resorts & Cruise Lines",
NRG,NRG Energy,Mauricio Gutierrez,@NRGMauricio,https://twitter.com/NRGMauricio,Independent Power Producers & Energy Traders,2018
NUE,Nucor,Leon Topalian,-,,Steel,
NVDA,Nvidia,Jensen Huang,-,,Semiconductors,
NVR,NVR Inc.,Eugene J. Bredow,-,,Homebuilding,
NXPI,NXP Semiconductors,,,,Semiconductors,
ORLY,O'Reilly Auto Parts,Gregory D. Johnson,-,,Specialty Stores,
OXY,Occidental Petroleum,Vicki Hollub,-,,Oil & Gas Exploration & Production,
ODFL,Old Dominion,,-,,Trucking,
OMC,Omnicom Group,John Wren,-,,Advertising,
ON,ON Semiconductor,Hassane El-Khoury,-,,Semiconductors,
OKE,ONEOK,Pierce H. Norton II,-,,Oil & Gas Storage & Transportation,
ORCL,Oracle Corporation,Safra Catz,-,,Application Software,
OGN,Organon & Co.,Kevin Ali,-,,Pharmaceuticals,
OTIS,Otis Worldwide,Judy Marks,@Otis_CEO,https://twitter.com/Otis_CEO?ref_src=twsrc%5Egoogle%7Ctwcamp%5Eserp%7Ctwgr%5Eauthor,Industrial Machinery,2018
PCAR,Paccar,Preston Feight,-,,Construction Machinery & Heavy Trucks,
PKG,Packaging Corporation of America,Mark W. Kowlzan,-,,Paper Packaging,
PARA,Paramount Global,Robert M. Bakish,-,,Movies & Entertainment,
PH,Parker Hannifin,Jennifer A. Parmentier,-,,Industrial Machinery,
PAYX,Paychex,john b. gibson,-,,Data Processing & Outsourced Services,
PAYC,Paycom,Chad Richison,-,,Application Software,
PYPL,PayPal,Dan Schulman,@Dan_Schulman,https://twitter.com/Dan_Schulman,Data Processing & Outsourced Services,2019 (start)
PNR,Pentair,John L. Stauch,-,,Industrial Machinery,
PEP,PepsiCo,Ramon Laguarta,@ramonlaguarta,https://twitter.com/ramonlaguarta?lang=en,Soft Drinks,2018
PKI,PerkinElmer,Prahlad Singh,-,,Health Care Equipment,
PFE,Pfizer,Albert Bourla,@AlbertBourla,https://twitter.com/AlbertBourla,Pharmaceuticals,2019 mid (error beyond that)
PCG,PG&E Corporation,Patricia K. Poppe,-,,Multi-Utilities,
PM,Philip Morris International,Jacek Olczak,@j_olczak,https://twitter.com/j_olczak,Tobacco,2018 (till the start)
PSX,Phillips 66,Mark Lashier,-,,Oil & Gas Refining & Marketing,
PNW,Pinnacle West,Jeffrey B. Guldner,-,,Multi-Utilities,
PXD,Pioneer Natural Resources,Scott D. Sheffield,@ScottDSheffield,https://twitter.com/ScottDSheffield,Oil & Gas Exploration & Production,till the start (2020)
PNC,PNC Financial Services,Bill Demchak,-,,Regional Banks,
POOL,Pool Corporation,Peter D. Arvan,-,,Distributors,
PPG,PPG Industries,Timothy M. Knavish,-,,Specialty Chemicals,
PPL,PPL Corporation,Vincent Sorgi,-,,Electric Utilities,
PFG,Principal Financial Group,Daniel Joseph Houston,-,,Life & Health Insurance,
PG,Procter & Gamble,Jon R. Moeller,-,,Personal Products,
PGR,Progressive Corporation,Tricia Griffith,-,,Property & Casualty Insurance,
PLD,Prologis,Hamid Moghadam,-,,Industrial REITs,
PRU,Prudential Financial,Charles F. Lowrey,-,,Life & Health Insurance,
PTC,PTC,James E. Heppelmann,@JimHeppelmann,https://twitter.com/JimHeppelmann,Application Software,2018
PEG,Public Service Enterprise Group,Ralph A Larossa,-,,Electric Utilities,
PSA,Public Storage,Joseph D. Russell Jr.,-,,Specialized REITs,
PHM,PulteGroup,Ryan R. Marshall,-,,Homebuilding,
QRVO,Qorvo,Robert A. Bruggeworth,-,,Semiconductors,
QCOM,Qualcomm,Cristiano Amon,@cristianoamon,https://twitter.com/cristianoamon,Semiconductors,2017
PWR,Quanta Services,Earl C. Austin Jr.,-,,Construction & Engineering,
DGX,Quest Diagnostics,James E. Davis,-,,Health Care Services,
RL,Ralph Lauren Corporation,Patrice Louvet,-,,"Apparel, Accessories & Luxury Goods",
RJF,Raymond James,Paul Reilly,-,,Investment Banking & Brokerage,
RTX,Raytheon Technologies,Gregory J. Hayes,-,,Aerospace & Defense,
O,Realty Income,Sumit Roy,-,,Retail REITs,
REG,Regency Centers,Lisa Palmer,-,,Retail REITs,
REGN,Regeneron,Leonard Schleifer,-,,Biotechnology,
RF,Regions Financial Corporation,John M Turner Jr,-,,Regional Banks,
RSG,Republic Services,Jon Vander Ark,@J_VanderArk,https://twitter.com/J_VanderArk,Environmental & Facilities Services,
RMD,ResMed,Michael J. Farrell,@ResMedMick,https://twitter.com/ResMedMick,Health Care Equipment,2017
RHI,Robert Half,M. Keith Waddell,-,,Human Resource & Employment Services,
ROK,Rockwell Automation,Blake D. Moret,-,,Electrical Components & Equipment,
ROL,Rollins Inc.,Jerry Gahlhoff Jr.,-,,Environmental & Facilities Services,
ROP,Roper Technologies,Neil Hunn,-,,Electronic Equipment & Instruments,
ROST,Ross Stores,Barbara Rentler,-,,Apparel Retail,
RCL,Royal Caribbean Group,Jason T. Liberty,-,,"Hotels, Resorts & Cruise Lines",
SPGI,S&P Global,Douglas L. Peterson,-,,Financial Exchanges & Data,
CRM,Salesforce,Marc Benioff,@Benioff,https://twitter.com/benioff,Application Software,2018
SBAC,SBA Communications,Jeffrey Stoops,-,,Specialized REITs,
SLB,Schlumberger,Olivier Le Peuch,-,,Oil & Gas Equipment & Services,
STX,Seagate Technology,Dave Mosley,-,,"Technology Hardware, Storage & Peripherals",
SEE,Sealed Air,Edward L. Doheny II,-,,Paper Packaging,
SRE,Sempra Energy,Jeffrey W. Martin,-,,Multi-Utilities,
NOW,ServiceNow,Bill McDermott,@BillRMcDermott,https://twitter.com/billrmcdermott,Systems Software,2018
SHW,Sherwin-Williams,John G. Morikis,-,,Specialty Chemicals,
SBNY,Signature Bank,Joseph J. DePaolo,-,,Regional Banks,
SPG,Simon Property Group,David Simon,-,,Retail REITs,
SWKS,Skyworks Solutions,Liam Griffin,-,,Semiconductors,
SNA,Snap-on,Nicholas T. Pinchuk,-,,Industrial Machinery,
SEDG,SolarEdge,Zvi Lando,-,,Semiconductor Equipment,
SO,Southern Company,Christopher C Womack,@chriscwomack,https://twitter.com/chriscwomack,Electric Utilities,2018
LUV,Southwest Airlines,Bob Jordan,-,,Airlines,
SWK,Stanley Black & Decker,Donald Allan,-,https://twitter.com/dallanjr,Industrial Machinery,
SBUX,Starbucks,Laxman Narasimhan,-,,Restaurants,
STT,State Street Corporation,Ronald P. O'Hanley,-,https://twitter.com/Ron_0Hanley,Asset Management & Custody Banks,
STLD,Steel Dynamics,Mark D. Millett,-,,Steel,
STE,Steris,Dan Carestio,-,,Health Care Equipment,
SYK,Stryker Corporation,Kevin A. Lobo,-,,Health Care Equipment,
SIVB,SVB Financial,Greg Becker,-,,Regional Banks,
SYF,Synchrony Financial,Brian D. Doubles,@briandoubles,https://twitter.com/briandoubles,Consumer Finance,2018 (the start)
SNPS,Synopsys,,-,,Application Software,
SYY,Sysco,Kevin Hourican,@kevin_hourican,https://twitter.com/kevin_hourican,Food Distributors,2018
TMUS,T-Mobile US,Mike Sievert,@MikeSievert,https://twitter.com/MikeSievert,Wireless Telecommunication Services,2018
TROW,T. Rowe Price,Robert W. Sharps,-,,Asset Management & Custody Banks,
TTWO,Take-Two Interactive,Strauss Zelnick,@strausszelnick,https://twitter.com/strausszelnick,Interactive Home Entertainment,2018
TPR,Tapestry Inc.,Joanne C. Crevoiserat,-,,"Apparel, Accessories & Luxury Goods",
TRGP,Targa Resources,Matthew J. Meloy,-,,Oil & Gas Storage & Transportation,
TGT,Target Corporation,Brian Cornell,-,,General Merchandise Stores,
TEL,TE Connectivity,Terrence Curtin,-,,Electronic Manufacturing Services,
TDY,Teledyne Technologies,Robert Mehrabian,-,,Electronic Equipment & Instruments,
TFX,Teleflex,Liam Kelly,-,,Health Care Equipment,
TER,Teradyne,Greg Smith,-,,Semiconductor Equipment,
TSLA,Tesla Inc.,Elon Musk,@elonmusk,https://twitter.com/elonmusk,Automobile Manufacturers,2018
TXN,Texas Instruments,Haviv Ilan,-,,Semiconductors,
TXT,Textron,Scott C. Donnelly,-,,Aerospace & Defense,
TMO,Thermo Fisher Scientific,Marc N. Casper,-,,Life Sciences Tools & Services,
TJX,TJX Companies,Ernie Herrman,-,,Apparel Retail,
TSCO,Tractor Supply,Hal Lawton,@hallawton,https://twitter.com/hallawton,Specialty Stores,2019 (couldnt do beyond that)
TT,Trane Technologies,Dave Regnery,-,https://twitter.com/daveregnery,Building Products,tweets only from 2013 so didnt extract
TDG,TransDigm Group,Kevin M. Stein,-,,Aerospace & Defense,
TRV,Travelers Companies (The),Alan D. Schnitzer,@AlanSchnitzer,https://twitter.com/AlanSchnitzer,Property & Casualty Insurance,2020 (couldnt do beyond that)
TRMB,Trimble Inc.,Robert Painter,-,,Electronic Equipment & Instruments,
TFC,Truist,William H Rogers Jr,-,,Regional Banks,
TYL,Tyler Technologies,H Lynn Moore Jr,-,,Application Software,
TSN,Tyson Foods,Donnie D. King,-,,Packaged Foods & Meats,
USB,U.S. Bank,Andrew Cecere,-,,Diversified Banks,
UDR,UDR Inc.,Thomas W Toomey,-,,Residential REITs,
ULTA,Ulta Beauty,David C. Kimbell,@DaveKimbell,https://twitter.com/davekimbell?lang=en,Specialty Stores,2021
UNP,Union Pacific Corporation,Lance M. Fritz,@LanceFritz_UP,https://twitter.com/LanceFritz_UP,Railroads,2021 (till the start)
UAL,United Airlines Holdings,Scott Kirby,-,,Airlines,
UPS,United Parcel Service,Carol B Tome,@CarolBTome,https://twitter.com/CarolBTome,Air Freight & Logistics,2020 (till their start)
URI,United Rentals,Matthew John Flannery,-,,Trading Companies & Distributors,
UNH,UnitedHealth Group,Andrew Witty,-,,Managed Health Care,
UHS,Universal Health Services,Marc D Miller,-,,Health Care Facilities,
VLO,Valero Energy,Joseph W. Gorder,-,,Oil & Gas Refining & Marketing,
VTR,Ventas,Debra Cafaro,-,,Health Care REITs,
VRSN,Verisign,D. James Bidzos,-,,Internet Services & Infrastructure,
VRSK,Verisk,Lee M Shavel,-,,Research & Consulting Services,
VZ,Verizon,Hans Vestberg,@hansvestberg,https://twitter.com/hansvestberg,Integrated Telecommunication Services,2016
VRTX,Vertex Pharmaceuticals,Reshma Kewalramani,-,,Biotechnology,
VFC,VF Corporation,Benno Dorer,-,,"Apparel, Accessories & Luxury Goods",
VTRS,Viatris,Scott A. Smith,-,,Pharmaceuticals,
VICI,Vici Properties,Edward Pitoniak,-,,Hotel & Resort REITs,
V,Visa Inc.,Ryan McInerney,-,,Data Processing & Outsourced Services,
VMC,Vulcan Materials Company,J. Thomas Hill,-,,Construction Materials,
GWW,W. W. Grainger,Donald G. Macpherson,-,,Industrial Machinery,
WAB,Wabtec,Rafael Santana,-,,Construction Machinery & Heavy Trucks,
WBA,Walgreens Boots Alliance,Rosalind Brewer,-,,Drug Retail,
WMT,Walmart,Doug McMillon,-,,Hypermarkets & Super Centers,
WBD,Warner Bros. Discovery,David Zaslav,-,,Broadcasting,
WM,Waste Management,James C. Fish Jr.,@jimfishwm,https://twitter.com/jimfishwm,Environmental & Facilities Services,2018
WAT,Waters Corporation,Udit Batra,-,,Health Care Distributors,
WEC,WEC Energy Group,Scott J. Lauber,-,,Electric Utilities,
WFC,Wells Fargo,Charles W. Scharf,-,,Diversified Banks,
WELL,Welltower,Shankh Mitra,-,,Health Care REITs,
WST,West Pharmaceutical Services,Eric M. Green,-,,Health Care Supplies,
WDC,Western Digital,David Goeckeler,-,,"Technology Hardware, Storage & Peripherals",
WRK,WestRock,David Sewell,-,,Paper Packaging,
WY,Weyerhaeuser,Devin W. Stockfish,-,,Specialized REITs,
WHR,Whirlpool Corporation,Marc Bitzer,-,,Household Appliances,
WMB,Williams Companies,Alan S. Armstrong,-,,Oil & Gas Storage & Transportation,
WTW,Willis Towers Watson,Carl Hess,@WTWCarlHess,https://twitter.com/wtwcarlhess?lang=en,Insurance Brokers,
WYNN,Wynn Resorts,Craig Billings,-,,Casinos & Gaming,
XEL,Xcel Energy,Bob Frenzel,-,,Multi-Utilities,
XYL,Xylem Inc.,Patrick K. Decker,-,,Industrial Machinery,
YUM,Yum! Brands,David Gibbs,-,,Restaurants,
ZBRA,Zebra Technologies,Bill Burns,-,,Electronic Equipment & Instruments,
ZBH,Zimmer Biomet,Bryan C. Hanson,-,,Health Care Equipment,
ZION,Zions Bancorporation,Harris H Simmons,-,,Regional Banks,
ZTS,Zoetis,Kristin C. Peck,-,,Pharmaceuticals,
